{
    "train_loss": [
        1.6184589643478393,
        1.3228216892878215,
        1.2456390825907389,
        1.1862095125516257,
        1.1473106013933818,
        1.1160465089480083,
        1.0890886057217917,
        1.0642742044130962,
        1.044209189891815,
        1.0274612011909485,
        1.0148407661120096,
        0.9988584626515706,
        0.9849015736579895,
        0.9726458319028218,
        0.9601510693232218,
        0.9530026679039001,
        0.9391721059481303,
        0.9305907537142436,
        0.9232193061510722,
        0.9133768208821614,
        0.9032838937441507,
        0.8728127493858338,
        0.8610407524108886,
        0.8542022544542949,
        0.8533255511919657,
        0.8454314575195313,
        0.843138419787089,
        0.83933469470342,
        0.8231561096509298,
        0.8132144103050232,
        0.8094381518363952,
        0.8071009771029154,
        0.801562907854716,
        0.7973288145065308,
        0.7931502369244894,
        0.7914306241671244,
        0.7869699996312459,
        0.7883066960970561,
        0.7846033315658569,
        0.7848203180631002
    ],
    "val_loss": [
        1.288043284080398,
        1.2132557345108248,
        1.158765993487667,
        1.1429055811653674,
        1.1060088184517873,
        1.0903366434742028,
        1.0797608830559422,
        1.0781534910202026,
        1.0682601937105958,
        1.069729187958677,
        1.0581218037806766,
        1.056975328586471,
        1.0560386726554012,
        1.0622013748531611,
        1.0621085830137764,
        1.0603709808537658,
        1.051104142632283,
        1.0580802081336438,
        1.062575447727257,
        1.058992193618291,
        1.0627490282058716,
        1.0546579377751955,
        1.0536057755980692,
        1.0544706079321848,
        1.058264263918702,
        1.0668498798155448,
        1.0647028021409477,
        1.0648499005277392,
        1.0658838119305356,
        1.0665376270321054,
        1.0731405481486254,
        1.0772547184581487,
        1.0754694619648892,
        1.0779330084021663,
        1.0762018502598079,
        1.0792116875379858,
        1.0784899332153965,
        1.0815119206065862,
        1.0790689545617977,
        1.080288957542097
    ],
    "train_accuracy": [
        0.5683958333333333,
        0.6877916666666667,
        0.7207291666666666,
        0.7465416666666667,
        0.7623333333333333,
        0.7753958333333333,
        0.7869375,
        0.7976666666666666,
        0.8038125,
        0.8133125,
        0.8169791666666667,
        0.8248333333333333,
        0.831375,
        0.8357708333333334,
        0.8418333333333333,
        0.8424583333333333,
        0.8488958333333333,
        0.85325,
        0.8560208333333333,
        0.8593333333333333,
        0.865,
        0.8788958333333333,
        0.8833541666666667,
        0.8858125,
        0.8846666666666667,
        0.8885416666666667,
        0.8886666666666667,
        0.8924375,
        0.8979375,
        0.9040208333333334,
        0.903875,
        0.9049583333333333,
        0.9084583333333334,
        0.9097916666666667,
        0.9114375,
        0.9129166666666667,
        0.9142083333333333,
        0.9136666666666666,
        0.9148958333333334,
        0.9151458333333333
    ],
    "val_accuracy": [
        0.6968888888888889,
        0.7325555555555555,
        0.7594444444444445,
        0.76,
        0.7763333333333333,
        0.7838888888888889,
        0.784,
        0.7867777777777778,
        0.7925555555555556,
        0.7933333333333333,
        0.7961111111111111,
        0.7976666666666666,
        0.7976666666666666,
        0.7928888888888889,
        0.7948888888888889,
        0.7985555555555556,
        0.8036666666666666,
        0.7996666666666666,
        0.7994444444444444,
        0.8,
        0.7983333333333333,
        0.8017777777777778,
        0.8074444444444444,
        0.8087777777777778,
        0.8073333333333333,
        0.8035555555555556,
        0.8062222222222222,
        0.8051111111111111,
        0.8051111111111111,
        0.8072222222222222,
        0.8066666666666666,
        0.806,
        0.8077777777777778,
        0.808,
        0.8073333333333333,
        0.8062222222222222,
        0.8068888888888889,
        0.8087777777777778,
        0.8071111111111111,
        0.8071111111111111
    ]
}